Country Name,1990,1991,1992,1993,1994,1995,1996,1997,1998,1999,2000,2001,2002,2003,2004,2005,2006,2007,2008,2009,2010,2011,2012,2013,2014,2015,2016,2017,2018
Aruba,130502793.3,184748603.4,-36983240.22,-17932960.89,-73184357.54,-5530726.257,85027932.96,197821229.1,113463687.2,467541899.4,-127932960.9,-266927374.3,332513966.5,159776536.3,-105698324,-207798005.9,220316139.7,-471005586.6,18882681.56,-10614525.14,186759776.5,488156424.6,-314692737.4,226371388.8,250618095,-28775856.42,27551267.63,162463551.5,135921173.4
Africa Eastern and Southern,88673056.81,1241968646,652324976.3,839509681.8,1187864680,2662958896,2087426790,5757027923,4121573935,6254803631,4315007316,12205013827,6464121933,8555149192,7979691821,10333884247,7234542920,16122295357,22483229907,18484266804,13934880233,17538697879,24636336184,21534243340,27681416018,28774225014,16842050894,9955492706,14449631530
Afghanistan,10,-280000,360000,-20000,20000,-93326.6,690000,-1460000,-10000,6040000,170000,680000,50000000,57799999.9,186900000,271000000,238000000,188690000,46033740,56107246.5,190774432,52173421,56823660,48311346,42975262.5,169146608,93591315.3,51533896.77,119435105.7
Africa Western and Central,1073307824,837652709.3,1214631404,1757936796,2389930551,945428066.2,1182474450,1622432325,1897977339,2391072130,2560188712,3224274419,4407637344,5261510987,4653437667,9277747004,9200902070,13028503360,16308512123,18152376750,18872476735,24500018445,20912706088,19156931891,16593990871,15641341152,13936765398,17661035768,15501756263
Angola,-334800000,664500000,287956000,302100000,170300000,472427000,180559000,411660000,1113970000,2471460000,878620000,2145470000,1743504000,3576971780,2197227820,-1303836930,-37714860,-893342152,1678971010,2205298180,-3227211182,-3023770966,-1464627991,-7120017424,3657514667,10028215163,-179517618.9,-7397295409,-6456076413
Albania,0,0,20000000,58000000,53000000,70000000,90100000,47500000,45010000,41200000,143000000,207300000,135000000,178036400.7,341285112.5,262479012.6,325138316.8,652275603.7,1247181714,1345415234,1089898208,1048706682,917994575.8,1254150556,1149927986,989578334.8,1044389555,1022757857,1204383364
Andorra,,,,,,,,,,,,,,,,,,,,,,,,,,,,,
Arab World,3053835682,2123621591,3477597029,4331542878,4909888144,299885485.9,3662695409,8973444817,9641399374,2881569839,3840491004,8899597182,6159576371,14595559434,21373075474,46048851175,69481323910,81836608641,88751312330,76654497098,70001315697,44868032640,50079903886,41259115295,31042743760,25507493631,32582348458,30063429264,33766670547
United Arab Emirates,-115819999.9,25940000,129720000,401319999.9,62460000,399850000,300519999.9,232430000,257660000,-985340000,-506329999.9,1183840000,95299999.9,4255956433,10003500000,10899931930,12805990470,14186521440,5062972005,1134288135,8796769641,7152095826,9566651351,9764914527,11071537020,8550901847,9604773000,10354223000,10385286000
Argentina,1836000000,2439000000,4430977523,2793085410,3634931878,5609423404,6948536687,9160272052,7290657132,23987696390,10418314339,2166136830,2148910000,1652010000,4124710000,5265250000,5537347786,6473157762,9725553130,4017158925,11332718626,10839930945,15323933917,9821661858,5065335542,11758994011,3260164342,11516861462,11716769819
Armenia,,,2399999.9,800000,8000000,25320000,17570000,51940000,232375000,122034000,104188500,69868500,110725325.6,122852992.7,247140608.5,292073220.2,466531991.9,667671562.1,943733059.5,760040745.9,529321391.6,653219756.5,496636701.1,346092394.4,406578406.7,184127986.3,333733314.1,250935110.2,266824955.5
American Samoa,,,,,,,,,,,,,,,,,,,,,,,,,,,,,
Antigua and Barbuda,60607407.41,54792592.59,19648148.15,15240740.74,24788888.89,31485185.19,19351851.85,22944444.44,22774074.07,51792533.33,43115925.93,98452222.22,65865064.81,166321143.7,80366585.19,220963374.1,358820163.7,338204733.3,158783774.4,80646652.59,96679207.78,65160596.3,129367138.9,134288999.6,46263101.05,114024660.1,97431976.47,151271628.2,204844928.2
Australia,8457776860,2612066526,4941906672,5312435142,4458484244,13268875155,4563952446,8088068983,7597610928,2210917992,14892978180,10717133151,14656321801,8985246030,42907672820,-25093141435,30551100657,44440090038,45160024271,28683266148,35210733743,65554890650,57550426823,54465480055,63202728079,46892808568,42969505135,48198614235,61324623203
Austria,653000000,360000000,1485517753,1125106122,2075823594,1825090253,4323513092,2668974816,4571855707,2974499988,8501013451,5689434546,138346430.8,6195021861,3183649650,81096089418,10500457158,68865787583,6301143682,14300064389,-22007325156,22983942932,5218620113,451107665.2,1712175274,-7975773544,-28939340169,13518864836,-28605757320
Azerbaijan,,,,10000,22000000,330050000,627277000,1114838000,1022967000,510317000,129937000,819579000,2024577000,4007330000,4719107000,4476396000,4485966000,4594234000,3986807000,2900030000,3352997000,4485120000,5293250000,2619437000,4430466000,4047630000,4499666000,2867487000,1402998000
Burundi,1255434.743,892500.1067,600088.333,473679.8748,3957.848909,1981922.465,0,0,0,-475191.3053,11683246.08,-11440.9127,0,0,44690.7076,584701.6926,31593.77819,500245.0931,3833208.348,348404.5346,780582.0036,3354999.181,604919.6515,116727136.5,81747197.23,49622865.77,55420.35666,316473.4494,983747.125
Belgium,8046730000,9362560000,11285800000,10750000000,8513580000,10688700000,14063900000,11998300000,22690500000,1.19693E+11,88738714000,88203254000,18118954671,34559267490,44498165771,33662010794,58821552824,96551634531,1.90392E+11,77354509260,1.25492E+11,1.63624E+11,11810272331,-29640924980,-15205871358,-19514245855,57538351507,-37288840312,-41601387267
Benin,-2954844.091,393822.3295,954317.4336,-21635980.33,-7107468.706,-7738379.607,-14661253.78,12183267.34,11294143.5,9314781.877,-12794843.61,16739539.34,-19395622.7,10638088.26,-40774605.06,-8788860.127,-12363482.36,139189943,48210757.85,-18807407.38,53507087.74,161302390.8,281548556.3,360343380.3,405737328.6,149755663.3,131790853.8,200902719.3,194073683.2
Burkina Faso,460000,570000,3113052.1,3178381.3,18371592.4,9816727.7,16225134.4,9765809,4407138.2,7925950.83,23107520.48,6267060.825,15026083.66,29122505.16,14348315.78,52130040.88,83849256.07,21711800.9,33190579.88,56653992.33,38870701.36,143845512.3,329281976,490403410.5,357296974.3,231901703.7,390622353.4,2572690.322,268414907.9
Bangladesh,3238781.189,1390444.322,3721853.382,14049886.52,11147788.33,1896372.127,13529831.54,139376153.1,190059373,179603006.3,280384629.7,78527040.08,52304931.04,268285231.8,448905400.7,813321971.9,456523167.7,651029738.1,1328422987,901286583.1,1232258247,1264725163,1584403460,2602962095,2539190940,2831152765,2332724781,1810395804,2421626238
Bulgaria,4000000,55900000,41500000,40000000,105400000,90400000,109000000,504800000,537317256.2,818788154.9,1001503842,812942202,904659791.1,2096788700,3072550962,4098122931,7874476255,13875270457,10296720634,3896664559,1842900000,2103810000,1788110000,1989040000,1093600000,2221390000,1488430000,2007290000,1809860000
Bahrain,91755319.15,619414893.6,868617021.3,-275000007.9,208244700.2,430586743.7,2048151880,329284164.2,179454413.3,453737838,363562321.9,80358858.37,216986881.6,516700276.4,865308118.6,1048601306,2914659868,1756312515,1793998355,257149561.4,155771009.2,780851063.8,1544680851,3727712766,1518617021,64893617.02,243351063.8,518882978.7,111170212.8
"Bahamas, The",-17000000,-1300000,300000,27300000,23600000,106900000,87800000,210000000,146900000,149300000,250250000,102370000,152790000,190200000,273600000,563414700,706380000,713350000,860156197,663960000,871970000,666621000,526171000,382252000,251277428.8,76075924.75,390400036.4,304587573.1,491404689.2
Bosnia and Herzegovina,,,,,,,,,66736468.36,176780594.8,146075610.9,118495219.8,267769569,381784637.4,889597294.5,623812851.6,845962876.4,1841972230,1004852660,138511019.7,443840207.1,471610992.2,391976946.4,313295008.3,544866345.5,383089615.7,313198153.4,509429047.9,601783317.1
Belarus,,,7000000,17600000,10500000,14700000,104500000,351600000,203200000,444000000,118800000,95800000,247100000,171800000,163800000,306600000,357100000,1807300000,2187900000,1876500000,1393400000,4002400000,1463600000,2246100000,1862000000,1652300000,1246900000,1276300000,1426500000
Belize,17200000,13600000,15600000,9200000,15369500,21050000,16580000,11955000,17650000,58671500,29564651.92,61174888.87,25461176.88,-10924755.75,111496166.4,126908465.9,108828544.6,140373737.3,169668449.5,108840086.4,96449877.08,95348525.19,194201408.8,92247730.94,141097030.3,59119223.9,32733410.99,31831615.5,122041647
Bermuda,,,,,,,,34700000,102700000,60500000,66900000,41799999.9,5400000,12900000,831600000,43700000,-88170000,617153591.8,171529641.6,-70747817.17,222710475.9,-257865988.6,47614095.07,54904045.83,-3425440.524,-143094386.1,-73213793.63,-288109271,95416371.5
Bolivia,27200000,52000000,93100000,123800000,130200000,392700000,474100000,730600000,949300000,1010500000,736350000,705756000,676543000,197400000,65430000,-238620000,280763457,366294241.5,512335605.2,423040000,621997989.5,858941070.4,1059965391,1749612614,656566350.8,554643532.3,335365530.4,712474137.8,302368781.4
Brazil,989000000,1103000000,2061000000,1292000000,3072000000,4859000000,12552000000,18992934311,28855609916,28385675615,32994718700,23225846372,16586600193,10123013671,18161380460,15459981604,19418085598,44579492464,50716402711,31480931700,82389932468,1.02427E+11,92568388321,75211029129,87713983217,64738153494,74294627801,68885491315,78162724370
Barbados,11213282.8,7424921.25,14450000,9402113.87,12950000,63803750.15,15836484.06,28203499.05,29160482.23,47539505.12,73696943.91,91504910.94,228343253.8,184701288.6,228334500,390061395.9,342267498.2,476404577,615122884.6,356008255.1,425337312.6,459552936.4,528045664.5,104089451.2,753687476.1,688525943.3,557688983.7,206157362.7,241596499.9
Brunei Darussalam,7000000,5000000,7000000,8000000,5889999.9,582760563.3,653600000,701740000,573250000,747868668.6,549607250.7,60694643.66,229671955.7,123820911.1,113205867,175068516.6,87839128.31,257635717.5,222184549.5,325586827.8,480722547,691170274.4,864905527.5,775641999.1,573906207.8,171289167.8,-150550827.3,467927550.3,516202620.6
Bhutan,1600000,600000,,,,50000,1399999.9,-700000,,1050274.76,,,2425411.898,3370306.526,8859907.539,6210884.351,6122702.143,73855769.76,3144001.019,18299707.23,75274009.03,31141614.86,24380673.57,20433631.07,23534931.75,6450953.85,11884162.35,-16553759.95,2649454.311
Botswana,95889963.04,-8211493.783,-1564184.906,-286949434.1,-14154569.01,70413220.76,71182310.71,100109748.7,95318134.92,36675065.78,57171341.35,30680571.21,407997392.5,418040676.1,390889251.9,420854175,486913109.1,494634226.2,520917902.3,208699298.2,218379837.6,293208060.5,146084155.2,67136806.16,515184471,378554181.5,142522598.3,260575129.4,285955061.9
Central African Republic,697850.0651,-4874038.732,-10676567.96,-9980132.279,3602275.009,6200565.7,10925575.5,1497424,7300593.947,5976946.527,889074.9,5183898.8,5644286.5,11300000,15100000,10100000,34670000,56750000,117110000,42280000,61520000,36908455.8,70035157.3,1852792.6,3475007.9,3000000,7256090.484,6888751.401,18003535.46
Canada,8401707941,3514220103,7018240063,4178460317,9541029102,13657593613,8817677647,15182400422,24979208298,27456044687,68303350856,28391098831,24486425377,7011792709,1452416545,25552226941,64302303097,1.20451E+11,70119614333,20951090410,29714744325,38338330427,49368985104,67027866778,64174605786,59986208237,34201872161,25357801000,42603762049
Central Europe and the Baltics,646818999.9,1849041210,2522640712,5563094009,5377514695,12558106072,11262472731,14298828887,19665293910,22103118135,23562956308,21625801493,26481834433,20414105078,43043918533,74726630916,81628100566,1.53393E+11,1.38572E+11,30638671436,20999153920,50013606915,39263315156,15349122065,52915530476,22467108648,1.15651E+11,28978937691,-21194240711
Switzerland,5544796310,2838789161,1128487634,1706937974,3682699145,4158247960,4880219416,8391921106,11345529735,14541329308,23080879763,9765012889,8258050580,19721053893,7102294153,2664910821,53760772986,48688296543,2990936685,47658570355,17670735603,20764483835,39943494322,-24926465857,21003091522,1.18752E+11,1.66801E+11,1.43236E+11,-1.60388E+11
Channel Islands,,,,,,,,,,,,,,,,,,,,,,,,,,,,,
Chile,661200000,822700000,936100000,1034300000,2582100000,2957000000,4814616000,5271400000,4627817978,8761016218,4860015668,4199763049,2549923142,4026497833,6797252642,7462207180,7586190390,13474760473,18473102612,13855126065,16019683112,25564944877,31368232403,22210440993,23558041868,20879139389,12328624278,6127820993,7759647365
China,3487000000,4366000000,11156000000,27515000000,33787000000,35849200000,40180000000,45439000000,45644000000,41014000000,42095300000,47053000000,53073618897,57900937467,68117272181,1.04109E+11,1.24082E+11,1.56249E+11,1.71535E+11,1.31057E+11,2.43703E+11,2.80072E+11,2.41214E+11,2.90928E+11,2.68097E+11,2.42489E+11,1.7475E+11,1.66084E+11,2.35365E+11
Cote d'Ivoire,48434429.6,18524885.9,69053843.7,175153533.4,117538566.8,211760840.4,269194529.6,415458076.4,760099126.7,235348766.2,234701731.5,272679898.3,212580417.5,165390571.2,282979831,349059586.5,350964618.6,443801751.4,468377743.9,397624744.3,358468317.3,301972462.5,330255520.7,407592122.1,439356961.2,494408755.8,577871524.2,975014998.8,620330654.4
Cameroon,-112831336.8,-14498049.75,29203775.78,5120733.123,3674320.509,15105727.29,104417058.4,149614497.8,55231294.16,35009801.84,159708006.2,-11668387.38,505256043.3,334888535.9,67984855.64,243601636.5,59122291.34,189581294.6,20995513.74,746276649,536265313.2,653266626.6,527363935.6,547404749.8,725854540.9,694336734.9,663893595.2,814458940.9,765092012.8
"Congo, Dem. Rep.",-14460000,12390000,-730000,6870000,-1500000,-22350000,24789999.9,-44350000,61329999.9,11160000,94190399.9,102221899.9,187598693.6,391254723.5,409032814.4,180000000,256100000,1808000000,1726800000,-243200000,2742300000,1596024304,2891607809,1697585831,1499572152,1165720010,932374669.4,1047979483,1407563588
"Congo, Rep.",22551558.2,32753529.6,2739032.5,286054322,2990000,112782084.6,62427618.58,-49200799.91,-169664715.5,-68273606.08,-97897925.12,-135361238.2,199155451,219545648.8,88399286.1,800996241.6,1487693084,1422370639,1940120151,1184284701,1520744891,298288001.2,-69253909.37,1878325499,2887256932,4278118365,50574345.34,4416953734,4315250918
Colombia,500000000,456900000,728700000,959100000,1446497261,968368273.6,3111676590,5562216362,2828826262,1507907130,2436459923,2541942612,2133698124,1720493455,3115635874,10235417315,6750625311,8885764398,10564155796,8034746177,6429989613,14647048638,15039979139,16210419016,16168701715,11620532646,13857937721,13700880445,11298692774
Comoros,393003.1038,2506163.334,-1446978.125,190704.7806,177714.24,889525.0177,510000,20000,384216.3,271000,93636.115,1145914.995,430423.479,793243.7346,672560.3786,558865.8,778420.2139,7691947.289,4650574.157,13839598.17,8350406.722,23118440.54,10375197.46,4231644.417,4684558.675,4936699.51,3569823.73,3919473.025,5672348.129
Cabo Verde,252601.2166,1744334.228,450471.753,3644068.127,2128443.354,26180647.12,28528007.74,11576610.74,6793745.394,53935025.35,34202238.38,9010186.206,14759046.68,39216510.81,67638273.8,80513541.33,131539968,191764359.2,210903689.3,126003552.2,116200563.6,102246382.2,128009964.8,89297444,180589795.4,96071472.84,126312006.1,111711633.7,112695606.4
Costa Rica,162500000,178400000,226000000,246700000,297600000,336900000,426950000,409440000,614500000,619469212,723426415.3,621846413.2,723172624.8,774386239.8,1083718486,1528787464,1801002598,2241492021,2436112218,1614614468,1906923793,2733268840,2696295211,3205384977,3242149797,2955521681,2620435491,2924906991,3014543618
Caribbean small states,377432455,526483875.5,572953464.2,653965212.1,885069632.5,835726537.7,839764566.1,1685532067,1580922408,1666996131,1708338669,2038044659,2134414351,2329939021,2533129347,3284457854,3749496377,3938759458,6617474875,3006666779,2587458156,2241090590,672346250.5,928627334.7,3079599971,2928917702,2892347632,2014802145,2835137647
Cuba,,,,,,,,,,,,,,,,,,,,,,,,,,,,,
Curacao,,,,,,,,,,,,,,,,,,,,,,70502234.64,69702234.64,-1508379.888,69296089.39,146435754.2,133083798.9,172681564.2,126924996.8
Cayman Islands,49039999.9,-8539999.9,27489999.9,459759999.9,467069999.9,50310000,1231710000,3150870000,4354110000,6475830000,9358723000,2133108000,2802975000,2602570000,3703461000,9506484000,24820937000,28210535000,19555735000,20298045000,20965962640,31131855110,21489604740,34907994320,46040609770,80501525460,2684234739,2506466934,173644548.8
Cyprus,126615461.4,81820990.74,107441112.7,83432989.4,75174068.6,243136818.6,233749453.8,546519214.6,345398143.2,813054280.1,854874285.7,944742874,1103449726,908147518,1118841809,1161973511,1871897927,2294635571,12297296307,64632059145,31031904287,40445860585,69972767554,25966316071,51738978689,28960532080,8508203489,14406568776,-1110259659
Czech Republic,,,,654278424.7,878231739.7,2567564642,1435279128,1286492873,3700169388,6312596676,4987079129,5640707236,8496609036,2021275746,6423465151,13730164683,7132002408,13815656004,8815393022,5271613702,10167834375,4188736491,9433199805,7357578653,8088661930,1699914617,10850612308,11234740946,8324668391
Germany,2556702846,4741534934,-2137728434,479814189.3,7517248751,12041505213,15591797829,18638443894,29526509277,86035665071,2.48007E+11,56948542387,51268214891,65401516009,-20408419557,59835195025,87444159239,50847183837,30954735498,56701916795,86037502102,97535403953,65443087632,67199694459,19488312315,62422464519,64707795193,1.09506E+11,1.58515E+11
Djibouti,60000,2290106.403,2290106.403,1423579.656,1423579.656,3218527.917,3263542.294,3100365.179,3173513.541,3212901.12,3286049.482,3392958.626,3432346.206,14224542.96,38543559.85,22203341.19,108287709.4,195351140.3,227654582.2,96859684.56,36501032.52,79000230.7,109998255.7,286004467.7,152998238.8,143832186.4,159997974.4,164929862,170000000
Dominica,12888888.89,15222222.22,20411111.11,13200000,22600000,54092592.59,17800000,21114814.81,6511111.111,17955555.56,17596296.3,17115925.93,20110637.04,31472140.74,26173948.15,19235559.26,25907525.93,40486774.81,56548262.96,42420685.56,24341705.19,14192972.59,23152398.15,17915757.41,12349892.8,7160376.509,42264926.11,22677207.69,78283172.03
Denmark,1132146350,1552515351,1017385349,1712766178,5006178362,4139423320,773444115.8,2791671359,6674661469,16847919226,36013297907,9286404806,4430703179,1184825160,-8804165491,12847031342,2385249288,11809448518,2191215666,3771059440,-11767861925,13558894634,-16349825685,680338945.9,6577348987,1850770715,7804020827,3607276300,8764023726
Dominican Republic,132800000,145000000,179700000,190700000,208100000,417400000,134200000,408700000,668900000,1344900000,989000000,1087900000,926000000,616530000,934480000,1118400000,1528700000,2252900000,2728400000,1695300000,1820200000,2197500000,3415900000,1599900000,2385300000,2227300000,2516100000,3597900000,2744500000
Algeria,334914.5642,11638686.45,30000000,1000,1000,1000,270000000,260000000,606600000,291600000,280100000,1113105541,1064960000,637853027,884749028,1156000000,1841000000,1686736540,2638607034,2746930734,2300369124,2571237025,1500402453,1691886708,1502206171,-537792920.9,1638263954,1230243451,1466116068
East Asia & Pacific (excluding high income),10394966799,13162288082,21342807238,38807970566,45467354630,50702487672,58560367769,63348378747,59556894377,53023921805,48070308982,52301946619,63363989129,68468781716,83280329317,1.2927E+11,1.52512E+11,1.93554E+11,2.11782E+11,1.5605E+11,2.9845E+11,3.37203E+11,3.04681E+11,3.61757E+11,3.29594E+11,3.06202E+11,2.20259E+11,2.40019E+11,3.11266E+11
Early-demographic dividend,11467360413,15783449697,17281763502,18195006271,29768906884,33499041126,41162199116,58082008244,51007976067,60996601071,51281457720,59935106069,51165203215,43032682342,63509610874,1.11596E+11,1.54537E+11,1.94439E+11,2.35612E+11,1.70468E+11,1.867E+11,1.93459E+11,1.84395E+11,2.18402E+11,1.87069E+11,2.17729E+11,1.98011E+11,2.12173E+11,2.23699E+11
East Asia & Pacific,33599596975,27434684003,38089457276,59909061767,72331478088,89651923009,94206961325,1.09178E+11,98167597421,1.29579E+11,1.75113E+11,1.2748E+11,1.12947E+11,1.26752E+11,1.98738E+11,1.89046E+11,2.88014E+11,3.96067E+11,3.87381E+11,2.87566E+11,4.97025E+11,5.60738E+11,5.16809E+11,5.91247E+11,6.31305E+11,6.17513E+11,5.31774E+11,5.59912E+11,6.02225E+11
Europe & Central Asia (excluding high income),719010000,905900000,2487900010,3730602000,2925916000,5522880000,6469025000,11613188000,10567401001,9785461182,9009453104,14039292446,13411823241,23253953083,43378783727,54081108384,1.0001E+11,1.44884E+11,1.6685E+11,91568224150,88362710514,1.21279E+11,1.07674E+11,1.18941E+11,67128579995,57617980704,92790134394,72034083812,50796959380
Europe & Central Asia,1.13097E+11,91204130712,89417535691,95534175652,1.00587E+11,1.50819E+11,1.56968E+11,1.90853E+11,3.54783E+11,6.1016E+11,8.55767E+11,4.56504E+11,4.15191E+11,3.89462E+11,4.41912E+11,1.02117E+12,1.2857E+12,1.88625E+12,1.25095E+12,6.6142E+11,7.49669E+11,1.07256E+12,8.32644E+11,7.51984E+11,5.85965E+11,1.07378E+12,1.34458E+12,9.0668E+11,-2.75917E+11
Ecuador,126000000,160000000,178000000,473720000,576330000,452480000,499680000,723950000,869980000,648410000,-23439367.91,538568575.2,783261009.6,871513414,836939593.9,493413835.5,271428852.5,193872526.9,1057404020,308629890.1,165893320.4,646084358.7,567417300.9,727081206.3,772389946.1,1322701337,764048868.1,629512412.3,1388456763
"Egypt, Arab Rep.",734000000,253000000,459000000,493000000,1256000000,598000000,636000000,890550000,1076000000,1065300000,1235000000,509900000,646900000,237400000,1253300000,5375600000,10042800000,11578100000,9494600000,6711600000,6385600000,-482700000,2797700000,4192200000,4612200000,6925200000,8106800000,7408700000,8141300000
Euro area,60745451146,55020865056,60351966220,59194428819,56543236301,79799727018,93626161604,90990871369,1.73217E+11,3.52402E+11,5.55032E+11,3.20365E+11,2.53271E+11,2.68978E+11,2.70126E+11,6.32977E+11,8.17911E+11,1.28146E+12,6.57122E+11,4.38151E+11,5.36184E+11,8.18246E+11,5.66198E+11,5.96208E+11,3.83685E+11,7.43248E+11,5.99285E+11,4.88705E+11,-14021769377
Eritrea,,,10,10,10,,36669547.22,40797036.65,45493.27759,83222099.9,27870106.7,12131626.4,22766165.8,24999786.5,24103664.8,1431553.8,15375609.7,7206504,39000000,91000000,91000000,39000000,41357999.9,43859000,46511000,49323000,52305000,55468000,61015000
Spain,13983611812,12492782829,13275723087,10808165173,8772628137,8281607345,9801379213,9433660065,15714658309,19628574140,40509751188,28909416991,39359708554,30744905691,25268192651,27007774843,32927841460,68229666915,74088629877,9549813317,36609340306,26832032515,20848479096,47373243839,32943256863,23037070821,44253339408,31565354024,58626179995
Estonia,,,82271988.64,168371544.6,218447607.2,206807479.4,165850731.4,274049611.9,595587942.5,325892789.4,416214286.8,592889580.2,338234260.4,1038244664,1086893435,3057558405,1758167636,3033145920,1977264597,1866296947,2592255115,1119148299,1787341527,1097942107,1781648554,-715465129.9,925762256.7,1735775304,1232538894
Ethiopia,0,0,170000,3500000,17210000,14140000,21930000,288490000,260670000,69980000,134639999.9,349399999.9,255000000,465000000,545100000,265111675.5,545257102.2,222000573,108537544,221459581.4,288271568.3,628624806,278562822.2,1343876024,1855052154,2626517918,4142937496,4017159565,3360419369
European Union,64506841223,64773304817,63652598274,69609296375,72276352125,1.10527E+11,1.0998E+11,1.16731E+11,2.20144E+11,4.5258E+11,6.33987E+11,3.66253E+11,2.95344E+11,2.93508E+11,3.13836E+11,7.31279E+11,9.1186E+11,1.47751E+12,8.28461E+11,4.78991E+11,5.39436E+11,8.7797E+11,5.8803E+11,6.09591E+11,4.30713E+11,7.73435E+11,7.29754E+11,5.40002E+11,-34153516242
Fragile and conflict affected situations,1369311614,3510644261,2816887403,3328610292,3455835060,2840696124,4440381612,10972340358,9412302684,7068857327,9019389107,9505290524,9917884445,16260722556,15547613149,20809819116,22793094185,34551175321,37676572700,30639410068,33118050268,40202909871,42254179397,30677963710,20678685415,26697204688,21720286103,24307835988,20177045236
Finland,812172838.2,-232904201.9,396369713.7,863526070.9,277840045,1450710446,752969481.7,2454075989,12514915951,7797795099,13502068645,3224710300,8094575465,5965369887,6777097342,10867806671,4638725790,21979356205,19406664159,-8825823234,12221008932,-6008001205,4931090895,-4922279529,17528599997,17485137456,5124075141,17149122038,-10571698825
Fiji,-30386755.88,-40188200.05,37791314.98,-3243015.356,-31281482.11,-22683100.26,-72186987.81,-60193603.13,20334035.18,-147083835.8,591375.1146,41301896.35,30672578.33,40310494.54,250597673.1,172951928.7,583975309.3,464230334.1,679220489.3,308373711,178091735.6,217158525.7,277313672,243782754,377869372.3,205373209.1,391619655.4,387602565.3,468861002.9
France,13183285335,15152742090,21839501253,20754044036,15797125295,23736300874,21971888803,23047924755,29518429032,45971216472,41389082665,50142053919,51550483854,42350800678,35608535813,85137061931,78957053786,83777598395,67997446905,18422928062,38889439213,44205811127,32944663318,31589283791,5804878133,42825414106,32803666729,35868111746,77493098693
Faroe Islands,,,,,,,,,,,,,,,,,,,,,,,,,,,,,
"Micronesia, Fed. Sts.",,,,,,,,,,,,,,,,,,,,0,0,0,0,0,20209300,,,,
Gabon,73457901.59,-54589233.79,126940086.2,-113715590.7,-99602904,-195496960.3,-285112515.1,-114712203.8,132605754.2,89452781.63,278061232,-100615451,1160708.31,99666154.02,313970792,326161877.9,267805000,654808577.2,693511289,635674956.8,523939106.2,1123536919,677327365.5,324032442.4,1263109047,41707702.33,1243660160,1314029330,1379070816
United Kingdom,41363405439,23244186242,23011210834,19686257927,19561337402,29129258041,32412668835,51311836384,1.09818E+11,1.29892E+11,1.6413E+11,56090924809,89760582753,36011240473,87059621382,2.52653E+11,2.03636E+11,2.09515E+11,2.53454E+11,14547108445,66734551294,27012050072,46750789728,54473175400,58890445253,45333483122,3.24813E+11,1.25359E+11,-25055440307
Georgia,,,,10000,8000000,,,242500000,265300000,82300000,131466678.3,109871635.5,160398660.5,334891041.6,492732940,453107292,1171394522,1892093991,1602232456,660800885.3,920915812.7,1170087550,968196197.6,1046562195,1836879043,1735285392,1659819993,1920628293,1270488181
Ghana,14800000,20000000,22500000,125000000,233000000,106500000,120000000,81800000,167400000,243700000,165900000,89320000,58930000,136751000,139270000,144970000,636010000,1383177930,2714916344,2372540000,2527350000,3247588000,3294520000,3227000000,3363389444,3192320531,3485333369,3254990000,2989035000
Gibraltar,,,,,,,,,,,,,,,,,,,,,,,,,,,,,
Guinea,17860000,38770000,19690000,2720000,210000,769000,23774000,17301000,17810000,63452427,9942000,1677000,30000000,78966000,97900000,105000000,125000000,385900000,381880000,91030000,0,956060000,605560000,190000,-73758603.66,53272458.42,1618447260,577590000,352760000
"Gambia, The",14119999.9,9270433.339,6323269.186,10741221.68,9716366.67,7729249.072,10655113.98,11666476.04,23699999.9,49479999.9,43520000,35479999.9,42826999.9,18272720.34,55526319.44,53650280.02,82208102.59,78094820.96,70792382.32,39447343.71,37140887.81,36077136.08,41183457.77,68340322.38,23014092.04,71976051.7,69830172.21,64338516.04,81805006.6
Guinea-Bissau,2020000,2089999.9,5830000,3299999.9,430000,40000,1030000,11479108.8,4407138.2,730876.613,702270.863,395613.5963,3545253.689,4005503.687,1915633.352,8692468.09,17887123.56,18770117.49,6630074.028,18890200,26240200,25024047.39,6624917.193,19639703.8,28852727.69,18575499.45,14221700,15691197.95,20563818.22
Equatorial Guinea,11073778.66,41324758.93,6018320.158,22301675.64,16995533.49,126924170.7,376180404.2,53451528.1,274768116.7,154296173.9,154499589.9,940741215.7,323391507.5,689779766,340914468.5,769146185.2,469506014.6,1242731087,-793872332.8,1636219625,2734000000,1975000000,985256411.5,582948701.9,167875182.6,233325072.8,53998812.9,304827249.5,396077780
Greece,1005000000,1135000000,1144000000,977000000,981000000,1053000000,1058000000,984000000,71200000,82701091.42,-8195469.288,2001266.562,34180546.54,1408086699,2147927927,688484256.6,5411403362,1957124444,5733447473,2766296835,532926980.5,1092191388,1662090330,2945271845,2697339246,1268938506,2698544612,3439131880,4025447789
Grenada,12874074.07,15274074.07,22581481.48,20248148.15,19311111.11,19977777.78,16962962.96,33500000,48685185.19,41551851.85,37407407.41,58748148.15,54488888.89,89166666.67,65014333.33,70157129.63,89787148.15,156554796.7,134832583.3,102556363,60420861.11,42648183.7,31489862.96,74688413.33,106797167.7,156442123.7,109856645.7,155662145.3,184005689
Greenland,,,,,,,,,,,,,,,,,,,,,,,,,,,,,
Guatemala,47700000,90700000,94100000,142500000,65200000,75200000,76900000,631400000,1346300000,924600000,-788600000,-936494410.4,-1016996774,19488617.6,321400000,540000000,635300000,859200000,731386670,499821250,1102460180,876760590,1399819890,1522143500,1407555280,1203355080,845786560,998344470,922397870
Guam,,,,,,,,,,,,,,,,,,,,,,,,,,,,,
Guyana,7900000,12340000,146610000,69540000,106690000,74420000,59000000,52000000,44000000,46000000,67100000,56000000,43600000,26100000,30000000,76800000,102400000,152400000,178000000,164000000,198000000,246800000,277910000,200558390,237750048.6,137700000,162654036.4,327343651.2,1180405596
High income,2.18519E+11,1.45362E+11,1.43817E+11,1.72413E+11,1.97379E+11,2.70977E+11,3.04221E+11,3.82015E+11,6.45399E+11,1.04549E+12,1.42201E+12,7.33681E+11,6.01328E+11,5.7596E+11,7.92932E+11,1.26247E+12,1.81124E+12,2.58676E+12,1.84677E+12,1.01802E+12,1.29946E+12,1.6351E+12,1.39725E+12,1.4175E+12,1.28262E+12,2.1018E+12,2.17214E+12,1.64924E+12,3.10706E+11
"Hong Kong SAR, China",3275072298,1020860063,3887467096,6929625915,7827938821,6213362504,10460173710,11368147930,13939361336,25355410569,70495739306,31291719645,6747855221,18567357065,22194238605,40963127271,44901793969,62121011424,67035187588,54275707074,82709142976,96135081265,74887135901,76857453418,1.29847E+11,1.81047E+11,1.33259E+11,1.25717E+11,97036255479
Honduras,43500000,52100000,47600000,26700000,34800000,50000000,90900000,121500000,99000000,237300000,349978000,309826700,287314900,390166272.9,592120092.9,601059572.2,717591908.2,966926354.3,1200798087,494497450.5,607376418.1,1042571021,1081346796,1069029263,1704790710,1316679827,1147030450,949955941.5,1442587576
Heavily indebted poor countries (HIPC),708906379.7,355549390.7,588676355.3,1219407235,1186793913,1683486032,1897157226,3333085606,4053908679,4612014561,4053506920,4685371733,5891948332,6835601030,7421869791,8173539549,10332365706,14870964638,19424603891,15638981017,23685482487,28509116253,32570867573,35188110502,29399016623,29884923327,24657516709,29558483728,28397872153
Croatia,,,13000000,144186480.2,114440874.4,108053139.7,492528182.7,596514805.2,1004077220,1454741834,1015069997,1036758146,980784304.8,1846434012,1314179917,1814728743,3346611893,4645807617,5249620116,3069599256,1545050408,1248979436,1465100045,975476235.5,3187415809,44642053.16,429948322.7,460160214.9,1319393496
Haiti,8000000,-1800000,-2200000,-2800000,-2799999.9,7400000,4100000,4000000,10760000,30000000,13250000,4400000,5700000,13800000,5900000,26000000,160600000,74500000,29800000,55470000,178000000,119000000,156000000,161918586.3,99000000,105680000,104900000,374855000,105000000
Hungary,553808999.9,1462141210,1479165394,2349715111,1144083870,4804151332,3288936449,4164123320,3261654750,3384965975,2747712560,4058819561,3643428380,4157510420,4538099567,27489690204,18678720025,70631297039,75107772943,-2792080129,-20770280261,10740966551,10815928328,-3586600505,13060104659,-5266437315,69681210262,-12133055293,-64364899191
IBRD only,20018382892,28864616907,41229486168,60246969395,82321356264,94465756719,1.19618E+11,1.58615E+11,1.57366E+11,1.70024E+11,1.57038E+11,1.67389E+11,1.54301E+11,1.63221E+11,2.27841E+11,3.05025E+11,4.03257E+11,5.57518E+11,6.29139E+11,4.26954E+11,6.26192E+11,7.36266E+11,6.80349E+11,7.23949E+11,6.54425E+11,6.1E+11,5.50301E+11,5.25414E+11,6.03299E+11
IDA & IBRD total,21921316935,30986119442,44295531913,64731221520,86698739812,98132521248,1.23878E+11,1.63961E+11,1.63007E+11,1.76487E+11,1.63364E+11,1.74128E+11,1.63245E+11,1.73995E+11,2.40916E+11,3.23463E+11,4.28404E+11,5.93054E+11,6.723E+11,4.62614E+11,6.67105E+11,7.86302E+11,7.30086E+11,7.76092E+11,7.01592E+11,6.59665E+11,5.94739E+11,5.75768E+11,6.49176E+11
IDA total,1902934042,2121502535,3066045745,4484252125,4377383548,3666764529,4260256482,5345637918,5640525251,6462237854,6326112714,6739570192,8943417046,10774401448,13075626116,18438101288,25147343475,35536109233,43160880570,35659721178,40913762554,50036292230,49736587770,52142370976,47166554303,49664334676,44437610269,50353807509,45877441262
IDA blend,991235562.3,1189955554,1537794813,2368176009,2653898683,1917880156,2029666371,1824847566,1665692209,2140135988,1996567480,1782698894,3749475912,3796805556,3963982625,9045806762,12249927417,16124792203,17941188477,15191777820,12732156443,15172192765,11581586786,12223629115,13227129366,12767615423,10364699800,14610110800,12674585982
Indonesia,1093000000,1482000000,1777000000,2004000000,2109000000,4346000000,6194000000,4677000000,-240800000,-1865620963,-4550355286,-2977391857,145085548.7,-596923827.8,1896082770,8336257208,4914201435,6928480000,9318453650,4877369178,15292009411,20564938227,21200778608,23281742362,25120732060,19779127977,4541713739,20510310832,18909826044
IDA only,911698480.2,931546980.7,1528250932,2116076115,1723484865,1748884374,2230590112,3520790352,3974833042,4322101866,4329545235,4956871299,5193941134,6977595893,9111643490,9392294526,12897416058,19411317030,25219692092,20467943359,28181606111,34864099464,38155000984,39918741861,33939424936,36896719253,34072910468,35743696709,33202855280
Isle of Man,,,,,,,,,,,,,,,,,,,,,,,,,,,,,
India,236690000,73537638.39,276512439,550370024.9,973271468.7,2143628110,2426057022,3577330042,2634651658,2168591054,3584217307,5128093562,5208967106,3681984671,5429250990,7269407226,20029119267,25227740887,43406277076,35581372930,27396885034,36498654598,23995685014,28153031270,34576643694,44009492130,44458571546,39966091359,42117450737
Not classified,,,,,,,,,,,,,,,,,,,,,,,,,,,,,
Ireland,621910999.9,1361668000,1458175000,1077890000,856979000,1442925000,2617483000,2028797815,8862216911,18210641710,25779436150,9650920350,29323796530,22781292820,-10607612700,47001243614,22070063905,59934755383,23287686336,53974309647,37748455284,23699352433,58090414123,70811172728,97382259039,2.3706E+11,1.02916E+11,58300808408,67361732390
"Iran, Islamic Rep.",-361949999.9,22590000,8500000,207550000,2000000,17000000,26000000,53000000,24000000,35000000,39000000,408118760,3519380360,2877481500,3037299840,2889191670,2317538500,2017791750,1979988010,2983421910,3648972410,4276718690,4661734400,3049945000,2105494000,2050000000,3372000000,5019000000,2373000000
Iraq,-6809999.9,7685999.9,93000,803000,-30000,,-1994000,1153000,7387999.9,,-32000,-6655999.9,-326000,1000000000,300000000,515300000,383000000,971800000,1855700000,1598300000,1396200000,2082000000,3400000000,-2335300000,-10176400000,-7574200000,-6255900000,-5032400000,-4885100000
Iceland,-4803187.83,-18436099.08,8648079.003,-1174.965449,2394198.454,-9309003.234,83381484.12,148012830,154082592,66639312.89,155160734.1,163445772.3,91905493.06,335355205,755317000.4,3093680068,3876554983,6872169567,1203686965,63588140.75,256982201.7,1106958185,1024164328,472607545.8,766775539,1145767445,-1066286957,-6999892981,-622718386.3
Israel,151000000,345600000,588500000,604900000,441600000,1350300000,1397100000,1633800000,1737400000,4150000000,8047500000,1771300000,1582500000,3322000000,2946900000,4818400000,14395500000,8798100000,10274200000,4606900000,6984700000,8653000000,9017300000,11842200000,6048900000,11336200000,11988000000,16892500000,21514500000
Italy,6440765876,2403349144,3118551015,3738910088,2208555823,4843882770,3548937154,3687266506,2640065101,6941768225,13172981900,14878086499,17239360005,19572886734,20100742902,36762073075,56995485107,65975535145,-9501579210,16607196345,9930501391,34465481830,34901033.01,19531411962,17032744039,13303439230,25656663795,11138429977,44249715319
Jamaica,137900000,133200000,142400000,77900000,79000000,101800000,135700000,155700000,322100000,474700000,419600000,576500000,443800000,683500000,559365888,637901995.9,842342788.3,811902426.3,1376602630,485164640.1,185775630.6,172757165.4,413333448.1,544747561.8,582148741.6,924977863.7,927976719,888835228.5,774620603.1
Jordan,37646775.31,-11887398.04,40722566.98,-33548530.15,2854731.793,13308089.21,15514809.59,360930888.6,310014104.4,157968970.4,913258110,273628171.3,238222874.7,546967559.9,936812411.8,1984485190,3544005642,2622144779,2826744496,2413098592,1688394366,1486056338,1548450704,1946597204,2178450704,1600281690,1552957746,2029718310,954929577.5
Japan,1806039008,1284268820,2755603983,210435439.5,888384470.9,41463072.35,-38203596.34,2486935040,2512021924,14780510031,10688168326,4926033619,11557373874,8771535612,7527948175,5459618343,-2396909736,21631204436,24624845330,12226471579,7440979284,-850717035.1,546962692.2,10648441636,19752249424,5252218412,40954181469,18802251208,25289367858
Kazakhstan,,,100000000,1271400000,659700000,964200000,1137000000,1321400000,1151400000,1587000000,1370521199,2816823050,2588491060,2483253230,5615262947,2546065710,7611168450,11972842989,16818890680,14275888207,7456117901,13760291529,13648134374,10011293285,7308112644,6577824050,17220962548,4712631471,83409074.56
Kenya,57081096.18,18830976.84,6363133.145,145655517.1,7432412.602,42289248.46,108672931.6,62096809.78,26548245.97,51953455.95,110904550.4,5302622.939,27618447.06,81738242.64,46063931.45,21211685.4,50674725.18,729054667,95584970.67,116259381,178064198.6,1450460112,1380167160,1118819097,820934459.3,619719962.3,678803417,1266137283,1625921131
Kyrgyz Republic,,,,10000000,38178000,96090000,47238000,83820000,109228485,44412800,-2360124.961,5006732.877,4661963.545,45544627.8,175458810.1,42565248.3,182022902.5,207919477.6,376992152.1,189377400,472768300,685760800,260927500,612016900,343010700,1144054000,619220700,-107212800,144222600
Cambodia,,,33000000,54124000,68900000,150800000,293600000,203700000,115871733,102225822,118308566.3,146481995.1,130956363.9,81580650.56,131416229.3,379180190.6,483209382.7,867288538.6,815180218,928393617.3,1404315449,1538883425,1988102945,2068470774,1853471158,1822804151,2475915854,2788084322,3212633447
Kiribati,299752.548,427651.4161,406859.8231,-769774.7797,431365.1183,387685.967,538400.059,512104.974,439745.45,451627.472,721810.265,-273476.291,249788.108,670758.929,1953667.88,2606016.174,568432.8669,1153044.69,-1267679.262,4995548.978,-6602470.868,-348737.5792,-2385943.82,838137.9532,2632144.437,-819824.3529,1806963.916,784797.2549,-1144364.717
St. Kitts and Nevis,48785185.19,21448148.15,12529629.63,13759259.26,15348148.15,20470370.37,35174074.07,19670370.37,31925925.93,57737037.04,96214814.81,88230740.74,79771688.89,75612162.96,55771474.07,92994488.89,110415630.4,134484438.1,177906026.7,130750839.3,116268480,109632707,92419222.22,110789970.4,156658594.1,128276604.8,121415245.5,48026116.14,40051767.21
"Korea, Rep.",1045600000,1455200000,1001600000,832300000,1136600000,2487100000,2782600000,3301100000,5989200000,10726300000,11509400000,6522300000,5475100000,7010000000,13294400000,13643200000,9161900000,8826900000,11187500000,9021900000,9497400000,9773000000,9495900000,12766600000,9273600000,4104100000,12104300000,17912900000,12182600000
Kuwait,5599999.9,800000,35299999.9,13252097.97,1519181869,6701341.174,347351454.6,19779208.98,59063714.13,72269842.45,16299834.37,-111516284.5,3619441.977,-67111499.34,23752969.12,233904109.6,121305596.3,111535690.2,-5951752.859,1113588047,1304627500,3259067552,2872588962,1433630444,485806657.8,284647623.8,292026510.2,113012065,-21377568.82
Latin America & Caribbean (excluding high income),6927083087,9983057536,12997430335,11911377524,24602053511,26069013359,37990094499,53924982376,61531625613,76978637435,68982500539,63427696156,51076409651,38177527272,58638912777,66567832878,67718249438,1.09203E+11,1.22672E+11,77692642531,1.49548E+11,1.74731E+11,1.71758E+11,1.7857E+11,1.6013E+11,1.50743E+11,1.54328E+11,1.52464E+11,1.64398E+11
Lao PDR,6000000,6900000,7800000,29900000,59200000,95100000,159800000,91000000,45900000,78900000,33890000,23904284.13,4451297.031,19484000.8,16917263,27720000,187310641,323520000,227770000,318598209.1,278805903.1,300743507.1,617755394.5,681397257.1,867646121.7,1077759915,935296172.8,1693080811,1358019506
Lebanon,6450000,1629999.9,18460000,7400000,22559999.9,35000000,80000000,1799600000,1134903121,871676542.1,993475000,1453907000,1335970000,2860020313,1898780570,2623502612,2674534372,3375980758,4333045470,4803602660,4279880835,3137050288,3111315000,2661087128,2862509427,2159289952,2568485071,2522409653,2658003845
Liberia,225240000,8410000,-10850000,-53619999.9,17379999.9,4599999.9,-132130000,213819999.9,190310000,256259999.9,20800000,8300000,2799999.9,372220000,75351731.65,82802111.44,107856671.5,131637661.6,283536077.4,127803424.5,2064680994,2086006933,2309981241,1998675366,501870828.6,232679832.5,311699760.3,247842983,129129754.8
Libya,158911104.6,91903803.11,99093118.92,58152864.2,-72624307.46,-88486065.39,-111721670.8,-67915602.73,-127894074.6,-128069471.5,141000000,-133000000,145000000,143000000,357000000,1038000000,2064000000,4689000000,4111300000,1371000000,1784000000,0,1425000000,702000000,0,0,0,0,0
St. Lucia,44785185.19,57744444.44,40940740.74,34162962.96,32522222.22,32751851.85,18414814.81,47825925.93,83396296.3,83151851.85,53748148.15,58807407.41,51935414.81,106425925.9,76520285.19,78233429.63,233934733.3,271891074.1,161210706.3,146397591.1,121296972.6,96416427.78,75759324.81,83515042.22,65407444.28,152240176.1,161613065.6,89941452.09,45522200.84
Latin America & Caribbean,8491733520,13186872978,14657927226,14981898664,29803911138,30168276207,48064360775,73777089561,85553163951,1.04715E+11,97255235966,78514760677,64689125955,58027344605,1.00821E+11,81669847715,1.16482E+11,1.95789E+11,2.22112E+11,1.56454E+11,2.34941E+11,2.92614E+11,2.96258E+11,3.43499E+11,2.77579E+11,3.25724E+11,2.20798E+11,2.03987E+11,2.09967E+11
Least developed countries: UN classification,409294529.3,1387191805,1436598977,1842731271,1039646260,1471941371,1587056340,2845083918,3564371355,5367235521,3801745290,6069489261,5943542374,9368655491,9176527860,5879415238,9126006536,12620970978,18626408463,15364771815,18065568697,23501038774,29905888739,25305226206,29540541699,38592604828,25970429549,20977717723,18419083074
Low income,300244394.7,449070937.8,860171765.3,1061681475,629043940.5,247436256.6,347135658.3,1011554244,1384678814,1589467549,1733623452,2652579570,3105241776,4409675241,5071658905,3840827780,6304897706,9092371215,11670783860,10166079785,14261224664,17711988007,19981233737,18173570818,13773792393,14024746929,14232170785,12955014223,12396005047
Liechtenstein,,,,,,,,,,,19854574738,9389136116,6864257255,17305461701,1845838359,-266949356.7,44598433612,33538242375,16214866193,29934896948,29875940865,26414902947,29482974347,1154916692,9340073895,80400430108,60669833863,38999586461,-87212093508
Sri Lanka,43355119.72,48349173.73,122625843.1,194479070.2,166412940.1,55995587.57,119874349.7,430056151.8,193424023.1,176410171.3,172941409.8,171790000,196500000,228720000,232800000,272400000,479700000,603000000,752200000,404000000,477559000,955920000,941116591.2,932551317.6,893628980.3,679655644.2,897049375.9,1372723043,1614044009
Lower middle income,3987081262,5700573859,6946594195,10654086347,13110786735,15627004051,19409675951,20896403621,17530836542,15615547300,11685756221,17569731953,24588771962,23316201875,28498338547,52319470420,74029276802,98288213450,1.28085E+11,99457836010,98267481124,1.17707E+11,1.1245E+11,1.12735E+11,1.26609E+11,1.4003E+11,1.16276E+11,1.38E+11,1.36714E+11
Low & middle income,20444772869,27660285962,41813769554,60943041929,80584920333,89981903960,1.11491E+11,1.45935E+11,1.45235E+11,1.55075E+11,1.42401E+11,1.58115E+11,1.53494E+11,1.59732E+11,2.16001E+11,2.98561E+11,3.92549E+11,5.42744E+11,6.26679E+11,4.30494E+11,6.2664E+11,7.32384E+11,6.79831E+11,7.50098E+11,6.49061E+11,6.1767E+11,5.62702E+11,5.5509E+11,6.20101E+11
Lesotho,16478706.52,7989961.081,8369826.867,15651939.52,43268067.99,24174395.03,29073745.83,32675626.14,28350349.46,22037254.59,32402238.3,29695295.78,28390464.72,43946224.79,55669445.72,27441449.23,24322286.69,75616001.72,11009973.06,91349553.1,9512771.55,61173319.21,56653435.23,50429031.34,94459059.36,206514459.9,79234548.91,42168784.11,40874071.93
Late-demographic dividend,12446708404,16414490615,28591584478,47377140104,58155803424,65747747636,87405747555,1.11565E+11,1.24419E+11,1.30378E+11,1.41237E+11,1.20181E+11,1.38537E+11,1.47164E+11,1.71707E+11,2.77453E+11,3.33825E+11,4.83913E+11,4.9252E+11,4.29862E+11,5.72157E+11,6.60514E+11,6.69727E+11,6.64368E+11,6.72167E+11,7.07665E+11,5.27331E+11,4.52564E+11,5.16495E+11
Lithuania,,,10000000,30175186.84,31304837.64,72557500,152400000,362287500,918775000,564537500,380272500,442400000,660790497.9,217398839.9,879540745.8,1292550784,2259381845,2601486958,1727292156,-360197700.8,1102696147,1880811089,677182759.7,768657972,357323216.2,1036954106,1177533776,1383731106,1299841764
Luxembourg,,,,,,,,,,,,,4243174365,4291105683,5179643439,4644769483,32219534640,-29679425810,7117112828,27255154250,39128528760,8843156717,25497381440,16007703030,18892564400,12499722620,31899891520,-6815331955,-16756576740
Latvia,,,30703329,55933000,282828000,244039000,331352000,474354000,371400000,348100000,324184857.5,173500715.8,160090702.2,316652176.4,591589970.7,809856372.4,1705667384,2713412662,1434273758,-150022148.4,474983591.2,1519518896,1080778948,989283879.4,1045107101,812843819.5,335420977.5,1153575225,427807358.1
"Macao SAR, China",480000,10720000,-19500000,-3600000,3480000,2189999.9,5940000,2310000,-17890000,9419999.9,-790000,160004979.1,393961071,506111201,771496386.2,1775023638,2916866633,5314514356,3982611128,-412628205,3629274389,1754336190,3565735906,3774560564,2424230567,486517486.3,1859188732,1701002328,1534095991
St. Martin (French part),,,,,,,,,,,,,,,,,,,,,,,,,,,,,
Morocco,165122977.8,317462140.6,422470462.5,491466064.6,550924373.9,334768272.9,357393801.8,1079341332,308712164.4,826974026.9,426553283.9,2824557252,480355698,2312829823,893325392.8,1670609689,2460787164,2825801376,2466288357,1970323920,1240625859,2521362081,2841954371,3360909924,3525384612,3252913902,2153363905,2680109856,3544387229
Monaco,,,,,,,,,,,,,,,,,,,,,,,,,,,,,
Moldova,,,17000000,14000000,11568000,66910000,23740000,78740000,75510000,37870000,127540000,103440000,84050000,73750000,151010000,190700000,258680000,536020000,726610000,263960000,297050000,372880000,251200000,241880000,345900000,225870000,87440000,149520000,293410000
Madagascar,22387360.46,13681239.65,21132352.15,15357022.02,5728097.918,9710167.974,10161891.8,14005421.13,16635429.8,58385285.91,82952580.71,93059224,14661798.07,12874087,52910748,85428623.9,294681941.5,789389724.1,1134497642,1293330142,912287179.8,815534454.5,814789934.7,565848886,372872463.3,328059305.6,540842779.8,464856589.6,612036371.4
Maldives,5600000,6500000,6600000,6900000,8742866.201,7230710.762,9315251.95,11408883.4,11517966.62,12322250,22312447.82,20541053.26,24718599.77,31774435.57,52933701.73,52991121.06,63826812.89,132432080.8,181255431.8,157963586.8,216468945.7,423530664,227976866.7,360816336.2,333375218,297975993.4,456639057.3,457808313.6,575658028.2
Middle East & North Africa,2891316283,2577843301,4153158940,5182311779,5402743766,2038495130,5397017096,10701548694,11354827280,7348222197,12237516693,10844019193,9982569448,20255424330,32915260933,73159745248,1.09137E+11,1.26452E+11,1.13756E+11,83844624097,87565376431,63156417560,63267273313,53585197490,37333461206,39996361909,49049910361,53838738552,59796665769
Mexico,2634000000,4762000000,4393000000,4389000000,10972500000,9526290000,9185600000,12829800000,12756764558,13941043232,18382284821,30060020323,24055125415,18223514102,24916054094,26018159827,22141329780,31110477542,29782812959,19656535677,30528745230,23843294910,18211136120,50817288598,28657288892,35818480439,38884161053,33170534975,37701279465
Marshall Islands,,,,,,,,,,,739000,739000,839000,-1151999.9,1155999.9,3279622.362,1876761.725,6987311.988,5694746.716,14649434.96,-9356673.132,-4380881.138,21373811.81,32548149.32,9047685.078,-5393638.499,-3055847.449,5835497.48,9752051.362
Middle income,20144528474,27211215024,40953597789,59881360454,79955876392,89734467704,1.11144E+11,1.44923E+11,1.4385E+11,1.53486E+11,1.40668E+11,1.55462E+11,1.50389E+11,1.55323E+11,2.1093E+11,2.9472E+11,3.86244E+11,5.33652E+11,6.15008E+11,4.20328E+11,6.12379E+11,7.14672E+11,6.59849E+11,7.31924E+11,6.35287E+11,6.03646E+11,5.4847E+11,5.42135E+11,6.07705E+11
North Macedonia,,,,,24000000,9490000,11210000,15740000,151156392,91325732.42,217507099.2,469570706.4,114193471.4,119041753.2,309137638.5,145329601.5,427444589.3,733466879,611688378.6,259530321.5,301441681.7,507920732.8,337911248.2,402458309.8,60879915.45,296604200.4,549371101.6,380738977.5,648732425
Mali,5729716.324,1205216.85,-21874496.99,4061271.097,17416999.67,111429781.4,27209332.17,74360591.9,9556713.35,30987537.6,60181780.68,208815769.6,-12312977.4,72355432.36,84840599.64,160218206.8,148195574.1,206064771.4,266432781.9,646609200.6,371569832.6,556147161.6,397865237.2,307853389.3,144023010.6,275414753,356234602.7,559362392.1,467067198.1
Malta,30019824.41,90037665.22,84694336.15,56441543.4,151693045.3,392188547.2,312996147,136993957.1,323284766.1,667032818.1,743185324.7,416889166.3,-497796507.9,911474591.3,7469040205,21801420447,25035392674,35591477412,14837770104,1444871046,9244998120,7806911230,3323599815,510057778.1,155878728.1,3640705147,2776034108,3890244437,4464845211
Myanmar,161144560.3,238056791.9,171558720,104674233.1,126091858.5,277199199.5,310437074.9,387184136,314450998.9,253110104.7,254789765.5,208303564.4,150511225.8,248882510,211364295,234904379,275812653,709922015.3,863880447.3,1078972201,901133534.9,2519813313,1333856137,2254603965,2175015284,4083839112,3278096410,4804272487,1768195523
Middle East & North Africa (excluding high income),720285127.3,1158270170,2381389629,2800145545,2461917880,1193681276,1718894282,4826964698,4065197721,3616105032,5120765879,7182785892,8462940196,11253023705,10631056325,18221792613,30474420440,33656906502,35606364313,29219598630,25932821028,16628551061,22999570491,16669942295,7714204593,9079539617,13654011664,16747748258,15340175843
Montenegro,,,,,,,,,,,,,,,,,,937357714.7,975271781.8,1550285725,758254398.6,556662007.5,618126498.7,446456998,496993506.5,699855695.3,226702405.9,560665419,485653127.8
Mongolia,,11119999.9,2000000,7700000,6900000,9800000,15900000,25000000,18900000,30400000,53697000,63000000,77751000,131540000,92920000,187620000,245460000,372759900,844697949.5,623609218.2,1691421732,4571161963,4272473223,2059702973,337768268.1,94319767.47,-4156404704,1494350363,1951528196
Northern Mariana Islands,,,,,,,,,,,,,,,,,,,,,,,,,,,,,
Mozambique,9199999.9,22500000,25300000,32000000,35000000,45000000,72500000,64400000,234900000,381699999.9,139300000,255435491.4,347252830.5,336698400.8,475513572.8,122413755.6,251141650.3,416689348.4,641399415.8,930100407.8,1258453097,3663937118,5635092659,6697422432,4998799334,3868353885,3128149929,2319071971,1678061192
Mauritania,6736220.521,2269792.037,7549402.913,16091938.17,2079708.679,6989378.508,-435540,-3329919.9,132643.0002,15119460,40096000,76700000,67340352.32,101957951.6,404102025.7,811869181.4,154601638.1,139372822.3,342770662,-3072044.396,130528391.3,588749564.2,1386098851,1126004760,502589833.8,501726765.7,271134845,588217194.8,772890477.2
Mauritius,41040223.9,17377628.54,14714189.72,14732526.73,19988456.06,18692860.96,36661330.28,55277851.54,12170393.85,49353190.64,265641239.4,-27675565.71,32073116.08,62630665.28,13894736.4,41776995.78,106758059.1,340763853.7,377724738.1,256680711.8,429941788.7,433331010.9,589018302.8,293369157.1,455562151.8,216455188.3,378764432.3,479995890.3,460511368.2
Malawi,23300000,-28699999.9,-7099999.9,8000000,24992617.89,5643045.579,15797661.13,14868714.36,12104230.4,58528206.28,25999996.36,19299991.09,5899999.359,65885630.02,107811374,139696402.6,35561803.98,124388649.1,195425887.2,49130371.23,97010558.69,812751769.8,-8885976.219,451362406.6,598086538.1,287746689.2,115700000,90200000,77012306
Malaysia,2332455289,3998448522,5183358086,5005642760,4341800916,4178239335,5078414948,5136514576,2163401816,3895263158,3787631579,553947368.4,3192894737,3218947368,4376052632,3924786635,7690731246,9071369835,7572512432,114664434.6,10885801852,15119439204,8895774251,11296279514,10619431583,9857162112,13470089921,9368469823,8304480742
North America,79631707941,38064220103,37328240063,54408460317,65481029102,82737593613,1.06478E+11,1.37367E+11,2.36232E+11,3.39966E+11,4.17495E+11,2.00929E+11,1.35547E+11,1.24131E+11,2.15925E+11,1.6794E+11,3.62677E+11,4.67682E+11,4.11383E+11,1.81963E+11,2.93976E+11,3.01577E+11,2.99762E+11,3.55214E+11,3.16027E+11,5.71277E+11,5.08517E+11,4.05893E+11,2.57014E+11
Namibia,29567264.72,120449858.1,118232231.8,55267528.17,97977966.46,153015438,128693897.3,90972979.01,96232390.37,51102943.74,196350763.3,379336366.4,147535758.5,65110887.11,223561311.2,389850790.4,610197796.1,669182903.4,750426324.2,829054473.4,287528974.4,803600584.6,1041555413,777073646.4,445582247.9,838879062.7,358727049.6,280476975,234372724.5
New Caledonia,,,,,,,,,,,-40626091.77,103041207.9,59055445.66,116048161.9,27480195.73,-6738759.001,749088411.7,417453934.4,1746369905,1182295528,1439085573,1758141869,2682824681,2166812151,1757035867,1203895440,809821138.4,410145855.8,249817258
Niger,40809537.23,11240419.5,56390110.91,-34157055.7,4075974.173,2233804.5,8630591.39,18959363.85,-1764551.011,1605268.532,15767212.37,22587455.08,7827441.935,18529138.97,24411286.9,49753596.83,40310044.14,99073671.93,283076206.9,633819197.1,796636157.9,1067186136,841227436.9,719338470.5,822967023.3,529476871.1,301332480.6,338710710.1,466042273
Nigeria,587882970.6,712373362.5,896641282.5,1345368587,1959219858,335842165,499276809.5,469577019.8,299566658.3,1004915631,1140167556,1190618644,1874070753,2005353563,1874060887,4982533930,4854353979,6036021405,8194071895,8555990007,6026253091,8841062051,7069908428,5562857987,4693828632,3064168904,3453258408,2412974916,775247400
Nicaragua,670000,42000000,15000000,38800000,46700000,88900000,120000000,203400000,218200000,337300000,266500000,150200000,203900000,201300000,250000000,241100000,286800000,381700000,627300000,433900000,489900000,936300000,775700000,965100000,1076800000,967000000,989100000,1035400000,837600000
Netherlands,10675649733,5623819475,6186517513,6380304064,7126515355,12206170579,16604370594,11033361090,37618898706,41161898490,63109732335,51998915898,25485041348,20456442248,1.39921E+11,2.09889E+11,3.75506E+11,7.33827E+11,1.9553E+11,95851297436,1.15753E+11,3.32071E+11,2.39669E+11,3.28677E+11,1.17627E+11,3.2258E+11,2.33359E+11,2.13648E+11,-3.44708E+11
Norway,1001987072,-353675743.9,-668114803,991524094.7,2736393920,2392766980,3827495491,4514609380,5645870321,5822113546,8332062186,3190216069,3011752930,4179380423,4918494986,10058759830,11877923790,24806091103,20578219685,8635762892,21634265663,10296323076,27897968328,-1368607171,3242240088,7274086872,-18668572814,5900604724,-5664319362
Nepal,5940000,2220000,0,0,0,0,19160171.09,23056467.77,12024659.9,4351068.682,-484826.7123,20850000,-5952541.127,14778085.61,-417346.3839,2451784.707,-6647983.904,5741706.053,995123.9307,38271269.97,87741711.63,94022157.12,91954196.1,74179632.61,30402676.78,51895699.93,105996375.6,196265098.6,68261793.94
Nauru,,,,,,,,,,,,,,,,,,,,,,,,,,,,,
New Zealand,1684763155,1691366072,1088200066,2211822687,2616630695,2849961939,3918617040,1917456791,1825772782,941464111.6,-1507812033,259321576.8,2848556987,-3363941288,2319819298,1906665964,2912645687,4335506076,2591966537,-52385533.24,286306903,1378410924,3846884019,-69519935.42,3251563602,-73372796.42,2008111275,2390035935,2516488850
OECD members,2.09701E+11,1.42699E+11,1.41641E+11,1.62463E+11,1.88401E+11,2.62354E+11,2.87135E+11,3.57735E+11,6.20425E+11,9.96434E+11,1.31348E+12,6.96953E+11,5.95036E+11,5.21437E+11,7.17042E+11,1.18828E+12,1.61173E+12,2.33374E+12,1.6365E+12,7.60481E+11,1.01601E+12,1.35249E+12,1.08528E+12,1.15576E+12,9.57093E+11,1.63623E+12,1.88232E+12,1.35812E+12,2.12631E+11
Oman,142262678.8,135240572.2,104291287.4,142002600.8,76462938.88,46293888.17,60599999.21,64499999.16,101999999.3,40099999.74,82000000,5201560.468,109232769.8,24967490.25,111053316,1538361508,1596098830,3332119636,2951885566,1485825748,1242652796,1629144343,1364629389,1612430962,1286345904,-2172431730,2265279584,2917295189,5941222367
Other small states,597369123.9,1071437671,1587330627,-62940143.3,974783872.9,2280463420,4298829604,2859741500,3417909787,3867882668,4541232254,3973739394,3283321899,5955648663,14283664260,35089805623,41728746071,59876572384,39755243840,82690968220,54287084467,59179226042,84278452387,35307202658,61956538136,37802022919,15432995190,19157821459,7067493835
Pakistan,245262963.5,258414487,336479857.1,348556957.8,421024638.5,722631560.7,921976182.5,716253125.4,506000000,532000000,308000000,378000000,826000000,534000000,1118000000,2201000000,4273000000,5590000000,5438000000,2338000000,2022000000,1326000000,859000000,1333000000,1887000000,1673000000,2576000000,2496000000,1737000000
Panama,135500000,124700000,150500000,177000000,401500000,281300000,428300000,1312200000,1315200000,1043500000,827800000,606800000,247100000,1050600000,1277900000,1104400000,2944300000,2224000000,2390000000,1085500000,2549100000,4395600000,3381900000,3799000000,4984400000,5119300000,5248354450,4082062469,5267261732
Peru,41000000,-7000000,-79000000,760588959.2,3289186723,2556981500,3471149000,2139260000,1643949120,1940008800,809696760,1144260000,2155836815,1335007073,1599038389,2578719365,3466531061,5490961307,6923651285,6430652961,8454627588,7682261109,13622485104,9826002544,3929942910,8313966795,6739051858,6860492819,6193947139
Philippines,530000000,544000000,228000000,1238000000,1591000000,1478000000,1517000000,1222000000,2287000000,1829000000,1487000000,760000000,1769000000,492000000,592000000,1664000000,2707414997,2918724841,1340027563,2064620678,1070386940,2007150725,3215415155,3737371740,5739574024,5639155962,8279548275,10256442399,9948598824
Palau,1000000,1000000,1000000,,,-210000,,,,,3177647.2,-1431856.7,1901014.5,4593705.4,6845036.9,3971994.27,33283255.64,4383239.141,4741656.707,2790871.006,2685244.116,8326127.029,21639126.32,18041109.84,39860115.39,34583158.15,35244866.82,27484632.72,21500000
Papua New Guinea,155413498.3,120597590.9,106342711.9,62052593.05,59713464.67,454568860.1,109832527.8,28312794.64,109438501.4,298023960.4,96495382.31,63183318.66,20160425.67,168604378.9,32542985.25,39976364.73,128548222.8,130634896.8,47858884.78,420038762.5,35591312.43,36419303.68,28796707.52,26804026.04,29436963.91,213710099.4,19180492.96,161470622.8,1134643538
Poland,89000000,291000000,678000000,1715000000,1875000000,3659000000,4500000000,4910000000,6383000000,7407000000,9335000000,5677000000,4091000000,5371000000,13868000000,11041000000,21473000000,25031000000,14574000000,14025000000,18395000000,18534000000,7358000000,795000000,19776000000,15065000000,18321000000,11762000000,17624000000
Pre-demographic dividend,913604225.3,1619044489,1457468091,2645736015,2774910717,1924878616,2167282371,2846243963,4015519700,6315119822,4592048616,7274445516,8324119140,12755346109,10541115805,12018757173,13262581377,19300613914,24941636437,25499925929,25645432869,32658820837,36926861939,23297254954,19263875029,27208748240,11735389131,10140450930,9354700756
Puerto Rico,,,,,,,,,,,,,,,,,,,,,,,,,,,,,
"Korea, Dem. People's Rep.",6240190.2,2371361.5,5711803.3,5854999.8,270000,,2072786,-491039.4,59918900.3,-2969230.6,-2753823.5,-19840954.6,5596214.3,57213602.5,64959185.8,-5979987,-235790933.5,22053453,170965277.6,86348097.7,13585220.3,103124986.6,205212887.4,119742643.9,64097425.1,78207032,89317271.7,-12832421.9,1953528.5
Portugal,2609986421,2448454131,1873428553,1533880551,1269714976,684572213.8,1571447865,2710655380,6071328303,740701804.3,7292581671,6113785654,587893729.7,10354679114,2485161769,3367937007,13394502768,6014642427,7819075463,5585829214,8966915539,9821076890,21396375527,15745220666,12045808665,1270014233,7354810293,10683844361,7846086578
Paraguay,76900000,86100000,117500000,75000000,137100000,94500000,139800000,230900000,340600000,87200000,107800000,99200000,90400000,-57700000,93979000,7300000,187800000,105000000,337856000,26913000,555544000,463994000,727144000,312567000,549690000,480469114.4,492762511.3,744619762.9,329365809.6
West Bank and Gaza,,,,,,122600000,177200000,163000000,208973104.7,189721782,62005481.83,19176400.67,9440000,12872000,20520000,36242000,18587960,19596000,51508000,300468000,179941047.8,238840690.6,62985366.11,189560177,159711665.3,104937726.7,296473530.8,183950642.9,210694555.5
Pacific island small states,1163517.934,4617566.124,86068193.5,50677280.66,6521629.638,15033847.81,-31527042.5,24403209.2,53007496.71,-123088717.3,35495863.1,58756655.31,54252426.53,64319930.37,285390869.8,206367090,740362873.9,621287211.3,870365447.4,423399726.4,399300807.4,424639509.3,423565784.1,428421923.8,520297950.4,330503566.4,520532304.5,506715777,598468288.7
Post-demographic dividend,2.13127E+11,1.39816E+11,1.3812E+11,1.63431E+11,1.85507E+11,2.59676E+11,2.82902E+11,3.52547E+11,6.02717E+11,9.88349E+11,1.3296E+12,6.88537E+11,5.40881E+11,5.04165E+11,7.27929E+11,1.15838E+12,1.613E+12,2.32808E+12,1.62766E+12,7.25759E+11,1.04656E+12,1.37987E+12,1.07511E+12,1.11855E+12,9.55153E+11,1.53932E+12,1.8767E+12,1.44447E+12,2.26971E+11
French Polynesia,22160000,33820000,30000,-3240000,1550000,2080000,3549999.9,14369999.9,10730000,4429999.9,9874719,23688754.51,10930935.86,58213238.5,6420023.009,7818937.09,30649550.54,58249411.64,13884094.47,21843717.56,64303751.42,133839517.3,147199569.6,99207173.35,61928773.31,26007149.16,61544514.32,79265983.72,63418520.97
Qatar,4879999.9,42539999.9,39579999.9,72049999.9,131849999.9,93560000,338870000,418329999.9,347300000,113250000,251599999.9,295519999.9,623919999.9,624919999.9,1198970000,2500000000,3500000000,4700000000,3778626374,8124736264,4670329670,938516483.5,395879120.9,-840384615.4,1040384615,1070879121,773901098.9,985989011,-2186263736
Romania,10000,40000000,77000000,94000000,341000000,419000000,263000000,1215000000,2031000000,1041000000,1037000000,1157000000,1144000000,1844000000,6443000000,6498650463,11006614842,10103086514,13667824245,4637684880,3213737652,2370097223,3047569714,3854819398,3869197075,4317731472,6252035766,5952909608,7343560129
Russian Federation,,,1161000000,1210782000,689570000,2065720000,2579330000,4864650000,2761360000,3256530000,2678030000,2847300000,3473830000,7928630000,15402990000,15508050000,37594770000,55873680000,74782910000,36583100000,43167780000,55083630000,50587560000,69218890000,22031340000,6852970000,32538900000,28557440000,8784850000
Rwanda,7660000,4580000,5500000,5839999.9,1000,2000000,2220000,2589999.9,7099999.9,1740000,8099999.9,18500000,1500000,4700000,7700000,7960000,30643966.4,82283165.8,102289999.9,118670000,216192556.8,112127535.8,269615550.4,233763793.6,313997162.8,162083821,279747327.6,274025990.7,366192315.5
South Asia,541686874.4,390731743.5,746299992.6,1114335940,1580619702,2931339015,3512002809,4895320824,3547667680,3080367825,4367540968,5798481655,6354963508,4820712731,7477232653,10888782988,25539643966,32472490181,51156328359,39495301323,31698961379,40646167618,27781340462,33525285629,40326751703,49718769794,50932456613,46334263754,48656125367
Saudi Arabia,1861333333,160000000,-78933333.33,1367200000,349333333.3,-1874666667,-1127466667,3039466667,4283466667,-778933333.3,-1881066667,19640000,-614133333.3,-586506666.7,-334320000,12097333333,18293173333,24318560000,39455863929,36457666667,29232706667,16308280000,12182373333,8864693333,8011786667,8141026667,7452533333,1418843614,4247107441
Sudan,-31129999.9,-620000,90000,-160000,99180000,12000000,400000,97900000,370700000,370800000,392200000,574000000,713180000,1349190000,1511070000,1561689997,1841833814,1504379838,1653120315,1726298403,2063730998,1734376994,2311460740,1687884179,1251280889,1728373403,1063767535,1065298481,1135787164
Senegal,56893144.78,-7550329.09,21383359.76,-812254.2195,66876235.54,31673945.42,13955558.76,178810136.3,71105812.05,161686935.9,81643690.12,45083429.81,82692671.57,86499780.37,137583476.9,167944230.5,289840300.3,351458732.4,455739868,331473910.3,272092888.5,338661995.6,276159533,311366768.8,403098056.4,409166125.8,472409799.8,588292998,847841574.8
Singapore,5574738855,4887094440,2204342221,4686312017,8550165227,11942852103,11432363956,15701783679,5958646074,18852989359,15515295182,17006818857,6157194144,17051420153,24390254966,19316058814,39129332047,47337947783,13598298537,23436064060,55322434162,49155657316,55310807548,64389514904,68698472831,69774553125,67912016903,1.00786E+11,83110792594
Solomon Islands,10439803.07,14513306.93,14173013.22,23370838.21,2096398.903,2025896.239,5944439.122,33871933.24,8804628.106,9900495.542,2004350.292,-8617173.107,145800.7449,-1009361.681,-3005254.994,548149.3494,44307544.56,85983505.99,75177085.38,48583116.34,165920898.3,120052792.5,23881499.3,53434351.38,21022029.97,32222728.56,37343622.77,42883975.63,24992541.52
Sierra Leone,32434698.87,7504465.13,-5599050.407,-7462923.506,-2874187.61,7287055.908,663927.9052,1800032.094,104884.9527,533201.7881,39000824.52,9835742.022,10413409.46,8615049.668,61153314.19,90731669.74,58869143.91,95470171.32,53095068.07,110430202.5,238404209.3,950477791.4,722447405.1,429664580.1,375089628.5,252435829.4,138509469.3,413724476.1,250446053.5
El Salvador,1898272.086,25180498.96,15309478.72,16432044.02,,38037218.6,,59043540.33,1102684180,215800000,173400000,278900000,470000000,141200000,363270000,511140000,241130000,1550510000,903050000,368730000,-113160683.7,122500004.3,430126687.5,245179098.3,506295970.3,494541718.1,479469380.7,503801415.2,412743968.4
San Marino,,,,,,,,,,,,,,,,,,,,,,,,,,,,,
Somalia,5589999.9,-150000,-60000,2000000,1000000,1000000,1300000,1100000,40000,-810000,270000,40000,140000,-850000,-4790000,24000000,96000000,141000000,87000000,108000000,112000000,102000000,107330000,258000000,261000000,303000000,330000000,369000000,408000000
Serbia,,,,,,,,,,,,,,,,,,4423192680,4055798182,2929226710,1693250319,4930532020,1275339756,2059297317,1999539187,2343139736,2355214637,2894615965,4071895068
Sub-Saharan Africa (excluding high income),1141740981,2060038431,1857942349,2578610354,3547058610,3562502639,3241088267,7326061569,5966341506,8590659027,6850869031,15364547989,10824041528,13758234639,12595114636,19530901511,16294889296,28974875070,38611916586,36468391892,32647561593,41895475659,44935833496,40633886166,44167051446,44309672569,30737962103,27492062939,29643723139
South Sudan,,,,,,,,,,,,,,,,,,,,,,,161000000,-793000000,1035825.73,150000,-7850000,1420000,60140000
Sub-Saharan Africa,1161980880,2079621355,1866956380,2597446477,3577795231,3608386962,3269901241,7379460247,6019551274,8645875761,6875196028,15429288246,10871759276,13816660180,12633129488,19611631250,16435444990,29150798716,38791742031,36636643554,32807356968,42038716324,45549042272,40691175231,44275406889,44415566166,30778816292,27616528474,29951387793
Small states,975965096.8,1602539112,2246352285,641702349.4,1866375135,3131223805,5107067127,4569676776,5051839691,5411790082,6285066786,6070540709,5471988677,8349907615,17102184477,38580630567,46218605322,64436619053,47243084162,86121034726,57273843431,61844956142,85374364422,36664251917,65556436057,41061444187,18845875126,21679339381,10501099770
Sao Tome and Principe,0,,,-480000,,30000,320000,400000,4200000,3000000,3800000,3000000,3600000,3400000,3501000,15664000,38015839.46,36028527.82,79143388.76,15500000,50600000,32152348.55,22471527.03,12162344.82,26489982.13,27924059.14,23331087.12,34208489.03,23698321.49
Suriname,-76799999.9,18500000,-54299999.9,-46600000,-30199999.9,-20600000,19100000,-9199999.9,9099999.9,-61500000,-97200000,-26800000,-73599999.9,-76099999.9,-37299999.9,28000000,-163400000,-246700000,-231400000,-93400000,-255700000,145288761.2,169442185.1,186765030.6,-59673138.08,183665852.7,231666845.7,96075554.74,130960766.3
Slovak Republic,,,,198834261.9,269877766.2,236132979.2,350826240,176706776.8,646612354.4,338895206.3,2183119136,1532584052,4212437461,969200518.9,4063498785,3923508331,5701436727,5058234422,4640891412,1521083444,2115832960,5431592592,1776566141,1003901609,-362908482.7,1520387926,4742874364,4225581974,2250850832
Slovenia,,,111000000,112600000,116900000,150400000,173300000,334500000,215700000,106600000,135800000,501200000,1849800000,535600000,763100000,970800000,692021551.7,1884506373,1080741792,-346971372.9,319143932.6,875946337.7,33537889.49,104022716.6,1019380613,1730147099,1446274235,1196228605,1538137615
Sweden,1982424728,6350883200,-5418689.918,3704921362,6268780978,14939375567,5491883748,10271066269,23334866535,62910430888,22817836821,18217810086,18381645408,6007683416,16854649894,20782686616,22052656379,46143507533,41436553996,8960871621,625102142.5,6979353755,4273531542,1316837632,-8624292984,10254328595,15642287790,28405674155,-952353416.6
Eswatini,30108364.99,82134779.99,87306719.2,71920619.79,63262111.48,51756162.32,21715844.98,-15313929.48,152720441.7,98270489.56,90658006.19,29330084.35,92945313.17,-60190680.48,69582011.84,-45850344.68,121031132.7,37493846.24,105729374.7,65705859.52,135660413.7,98708321.72,26480002.33,81790158.4,25782635.17,31498094.37,26852077.65,-57647593.39,31130826.66
Sint Maarten (Dutch part),,,,,,,,,,,,,,,,,,,,,,-48480446.93,13508379.89,47357541.9,47709497.21,27770949.72,41553072.63,64248297.04,-47915083.47
Seychelles,20239899.2,19582923.96,9014031.003,18836123.16,30736620.72,45884323.21,28812973.89,53398677.96,53209768.43,55216733.48,24326996.84,64740256.51,47717748.07,58425540.73,38014852.1,80729739.09,140555693.5,175923646.5,179825444.2,168251661.9,159795375,143240665.1,613208776.3,57289065.62,108355443.1,105893597.2,40854189.7,124465535.7,307664653.8
Syrian Arab Republic,40000000,54000000,57000000,109000000,251000000,100000000,89000000,80000000,82000000,263000000,270000000,110000000,115000000,160000000,275000000,500000000,659000000,1241959115,1465623386,2569548272,1469196863,804162635.3,,,,,,,
Turks and Caicos Islands,,,,,,,,,,,,,,,,,,,,,,,,,-69533000,-69888000,16590000,22068000,42227000
Chad,9400000,4239527.508,1960770.974,15160901.58,27074698.97,32611570.1,39466173.5,44293940.5,21696680.41,24524970.81,115172421.5,459866391.8,924119210.1,712663454.9,466793492.1,-99342519.36,-278413999.9,-321654999.9,466130999.9,374899999.9,313000000,281899999.9,579793037.4,520200751.3,-675545915.4,559642022.5,244682121,363381636.4,460890507.6
East Asia & Pacific (IDA & IBRD countries),10389726609,13160916720,21338095435,38802115566,45467084630,50702277672,58558294983,63348869787,59496975477,53026891035,48076240453,52320355717,63360293929,68416161819,83222215168,1.2928E+11,1.52781E+11,1.93536E+11,2.11616E+11,1.55966E+11,2.98439E+11,3.37108E+11,3.04498E+11,3.61655E+11,3.2957E+11,3.06158E+11,2.20205E+11,2.40059E+11,3.11286E+11
Europe & Central Asia (IDA & IBRD countries),808010000,1196900000,3178900010,5589788480,4915356874,9289933140,11461553183,17119702805,17954478221,18647203016,19359523101,20753050592,18483607546,30471387095,58560963644,66936837127,1.24829E+11,1.7456E+11,1.86674E+11,1.08663E+11,1.08303E+11,1.41062E+11,1.16497E+11,1.20712E+11,90091995805,72727622757,1.11541E+11,84256244027,69740352876
Togo,18239596.96,6479812.947,-13109576.4,-18575900.85,-3265462.296,-7813307.22,2253923.414,12260365.78,11116162.85,15089199.25,52818330.99,72617650.89,57806307.37,45773612.37,79967681.86,96003598.21,91396741.9,62406802.63,50892371.95,46304496.13,125064101.8,728710878.4,121511565.6,183599249,54020342.35,257860036.5,-46308331.62,88558699.5,-180972714.8
Thailand,2443549743,2013985971,2113021867,1804040985,1366440825,2067936429,2335837475,3894755071,7314804931,6102677671,3365987583,5067170388,3341612007,5232270340,5860255943,8215637195,8917470351,8633903441,8561557725,6411458545,14746672920,2473685996,12899036063,15935960665,4975455660,8927579182,3486184390,8285169820,13186328518
Tajikistan,,,9000000,9000000,12000000,10000000,18000000,18000000,29940400,6702899.9,23543299.9,9495400,36066400,31649700,272025100,54479300,338627400,359967400,486614340,149060550,93940670,145883670,241736370,283140730,326593810,454012320,241616267.2,185827080.7,220862232.3
Turkmenistan,,,10,79000000,103000000,233000000,108060000,107860000,62299999.9,125000000,131000000,170000000,276000000,226000000,353699999.9,418199999.9,730899999.9,856000000,1277000000,4553000000,3632300000,3391067000,3129614737,2861420712,3830131000,3042968000,2243160000,2085944135,1997297379
Latin America & the Caribbean (IDA & IBRD countries),8299627444,12999679453,14783890466,13827389512,28695965495,30529503183,45534436358,66553544833,72132011072,89659783223,79627171983,72663445140,55720621735,45229975780,68412116263,78560324625,78362725890,1.29697E+11,1.48507E+11,92933857901,1.70104E+11,2.09057E+11,2.12824E+11,2.03028E+11,1.89773E+11,1.7767E+11,1.67924E+11,1.60938E+11,1.74413E+11
Timor-Leste,,,,,,,,,,,,,,4519000,,908000,8478084.462,8695061.688,39697970.75,47954750.66,30332806.77,49058168.54,40382443.85,55857105.62,33905491.52,42995500,5478700,6715937.467,47925664.57
Middle East & North Africa (IDA & IBRD countries),720285127.3,1158270170,2381389629,2800145545,2461917880,1071081276,1541694282,4663964698,3856224616,3426383250,5058760397,7163609492,8453500196,11240151705,10610536325,18185550613,30455832480,33637310502,35554856313,28919130630,25752879980,16389710371,22936585125,16480382118,7554492928,8974601890,13357538133,16563797615,15129481287
Tonga,99521.42423,200289.4425,1244111.864,351311.272,2489172.175,1028451.304,284990.625,-10526.149,45708.551,958145.992,9212396.872,7628663.006,4692076.768,182273.3306,5533664.04,6005489.532,10987468.97,17583867.2,21517757.35,247006.485,4661006.003,7641551.958,-841513.9783,6269513.29,13241447.49,6349155.28,5724624.577,-5613753.358,19911276.38
South Asia (IDA & IBRD),541686874.4,390731743.5,746299992.6,1114335940,1580619702,2931339015,3512002809,4895320824,3547667680,3080367825,4367540968,5798481655,6354963508,4820712731,7477232653,10888782988,25539643966,32472490181,51156328359,39495301323,31698961379,40646167618,27781340462,33525285629,40326751703,49718769794,50932456613,46334263754,48656125367
Sub-Saharan Africa (IDA & IBRD countries),1161980880,2079621355,1866956380,2597446477,3577795231,3608386962,3269901241,7379460247,6019551274,8645875761,6875196028,15429288246,10871759276,13816660180,12633129488,19611631250,16435444990,29150798716,38791742031,36636643554,32807356968,42038716324,45549042272,40691175231,44275406889,44415566166,30778816292,27616528474,29951387793
Trinidad and Tobago,109411764.7,169341176.5,177882352.9,379211987.1,516174947.2,298934269.1,355399933.9,999347641.8,729767481.2,643300000,679500036,834900044.6,1007800000,808300000,998100000,939700000,882700000,830000000,2800800000,709100000,549400000,41047454.46,-1904347649,-1129966026,661413505.4,176829744.9,-23598182.38,-470882577.7,-700185701.2
Tunisia,77419354.84,125456831.4,525760373.9,561897566.6,432008501.8,275971451.2,238337799.3,342704714.8,650727787.7,347320280.7,750720443.6,451514809.2,790302916.6,539481939,592147521.7,712714847.3,3239909093,1515345044,2600674976,1525244858,1334497695,432666011.6,1554269129,1058622582,1024754444,970521888.7,622569482.2,810936482.8,988942901
Turkey,715000000,810000000,844000000,678000000,608000000,885000000,722000000,805000000,940000000,783000000,982000000,3352000000,1082000000,1702000000,2785000000,10031000000,20185000000,22047000000,19851000000,8585000000,9099000000,16182000000,13744000000,13563000000,13337000000,19263000000,13835000000,11042000000,12822000000
Tuvalu,,,,,,,,,,,,-9309.819144,-9779.619002,-10973.37346,-11696.83453,-11417.1947,-10582.65237,-11053.95062,1687799.956,1751074.672,455233.534,-119087.6702,1325042.531,337000,300000,300000,300000,300000,298862
Tanzania,10000,10000,12169639.33,20457763.54,50000895.26,119936653.8,150066382,157885063.9,172306244.9,516700641.7,463400858.8,549270351.5,395567134,318401298.7,442539548.4,935520591.7,403038991.4,581511807,1383260000,952630000,1813200000,1229361018,1799646137,2087261310,1416088065,1506024896,864040000,937700000,971576866
Uganda,-5910000,1000000,3000000,54600000,88200000,121200000,121000000,175000000,210000000,140200000,160700000,151496150.7,184648059.2,202192593.6,295416479.8,379808340.7,644262499.9,792305780.9,728860900.7,841570802.7,543872727.3,894293858,1205388488,1096000000,1058564540,737652140.2,625704361.9,802704141,1055353353
Ukraine,,,200000000,200000000,159000000,267000000,521000000,623000000,743000000,496000000,595000000,792000000,693000000,1424000000,1715000000,7808000000,5604000000,10193000000,10700000000,4769000000,6451000000,7207000000,8175000000,4509000000,847000000,-198000000,4128000000,3680000000,4975000000
Upper middle income,16157447212,21510641165,34007003594,49227274107,66845089657,74107463653,91734661016,1.24027E+11,1.2632E+11,1.3787E+11,1.28982E+11,1.37892E+11,1.258E+11,1.32006E+11,1.82431E+11,2.424E+11,3.12215E+11,4.35363E+11,4.86923E+11,3.2087E+11,5.14112E+11,5.96964E+11,5.47399E+11,6.19189E+11,5.08679E+11,4.63616E+11,4.32194E+11,4.04135E+11,4.70991E+11
Uruguay,41539999.9,32340000,11300000,101500000,154500000,156600000,136800000,113200000,164100000,235300000,262825000,310402928.2,179852187.8,402717369.3,352712784.3,826626704.3,1508350269,1358736506,2141969341,1602591813,2191067967,2690094197,6394069822,986930050.6,4085227627,2673041339,-515650304.8,2686509353,1825189013
United States,71230000000,34550000000,30310000000,50230000000,55940000000,69080000000,97660000000,1.2215E+11,2.1115E+11,3.12449E+11,3.49125E+11,1.72496E+11,1.11055E+11,1.17106E+11,2.13641E+11,1.42344E+11,2.98463E+11,3.46613E+11,3.41092E+11,1.61083E+11,2.64039E+11,2.63497E+11,2.50345E+11,2.88131E+11,2.51856E+11,5.11434E+11,4.74388E+11,3.80823E+11,2.14315E+11
Uzbekistan,,,9000000,48000000,73000000,-24000000,90000000,166800000,139599999.9,121200000,74700000,82799999.9,65299999.9,82599999.9,176599999.9,191599999.9,173800000,705200000,711299999.9,842000000,1662748216,1615052150,744244552.2,691576226,808675996.6,1041199291,1662586807,1797341436,624686535.5
St. Vincent and the Grenadines,7666666.667,8896296.296,13900000,31400000,46914814.81,30640740.74,42644444.44,92470370.37,88951851.85,56796296.3,37744444.44,21040370.37,34048225.93,55164448.15,65686166.67,40087314.81,109112344.4,119406900,159243360,110221666.3,97218108.89,85623860.37,115402246.3,126735013,124422677.8,123879208,80243922.74,163275187.6,41585789.01
"Venezuela, RB",451000000,1916000000,629000000,372000000,801000000,996000000,2183000000,6202000000,5024000000,2932000000,4703000000,3704000000,761000000,1573000000,1489000000,2450000000,198000000,4358000000,2083000000,-1137000000,1583000000,5855000000,4986000000,2145000000,1135000000,2956000000,1587000000,-68000000,886000000
British Virgin Islands,18350000,4860000,-131220000,675980000,677509999.9,-576710000,1109550000,3636650000,8777518710,7915398866,8073327000,3791260000,5451882000,9660121000,28309656000,-7142639000,12029088000,37163179000,52554448000,42212878000,42386824910,50788161140,61121510450,1.04805E+11,40462007210,66712741570,49022945940,39609971330,34389709120
Virgin Islands (U.S.),,,,,,,,,,,,,,,,,,,,,,,,,,,,,
Vietnam,180000000,375190278,473945856,926303714.9,1944515936,1780400000,2395000000,2220000000,1671000000,1412000000,1298000000,1300000000,1400000000,1450000000,1610000000,1954000000,2400000000,6700000000,9579000000,7600000000,8000000000,7430000000,8368000000,8900000000,9200000000,11800000000,12600000000,14100000000,15500000000
Vanuatu,13111196.87,25474518.48,26452893.62,25967921.31,29786175.56,31044914.67,32732115.61,30233300.36,20383379.42,13403366.62,20256089.64,18004322.08,14162544.81,18010732.39,19840843.5,13251642.41,43447011.63,34155234.68,37694497.49,32140846.43,63109398.82,61117730.9,60388540.21,59379212.8,13266163.52,31021245.77,49027744.93,38222690.16,37583468.42
World,2.39415E+11,1.74938E+11,1.8626E+11,2.33728E+11,2.78765E+11,3.61955E+11,4.17896E+11,5.34152E+11,7.95658E+11,1.20349E+12,1.56911E+12,8.955E+11,7.55583E+11,7.37265E+11,1.01042E+12,1.56348E+12,2.20399E+12,3.13386E+12,2.47553E+12,1.44738E+12,1.92768E+12,2.37333E+12,2.08207E+12,2.16975E+12,1.93281E+12,2.72242E+12,2.73643E+12,2.20426E+12,9.31693E+11
Samoa,6599999.9,3189999.9,5000000,5000000,3000000,3439999.9,1159999.9,19989999.9,3000000,-718517.166,-1206806.284,1414589.798,1599402.89,2724300.729,2480936.284,3763664.371,21927671.89,6821727.439,45899093.79,9868116.508,336435.0688,15191487.57,20871549.72,13791695.17,22849692.3,26867532.32,2520673.511,9215371.787,16713450.86
Kosovo,,,,,,,,,,,,,,,53385314.26,133876754.5,370137201.3,604021946.4,538963527.4,403147913.1,490048756.1,535326481.8,293089797.1,371492237.3,199888379.1,343350610.6,243787145.2,286835212.1,318542991.6
"Yemen, Rep.",-130900000,282500000,718000000,903000000,15800000,-217699999.9,-60100000,-138500000,-219400000,-307600000,6399510,155140999.9,114302000,-89106999.9,143578000,-302056736.8,1120970000,917300000,1554630000,129200000,188641795.8,-517842928.5,-14239188.36,-133570895.6,-233104668.6,-15444808.35,-561000000,-269850000,-282098333.3
South Africa,-75722412.12,254133621.7,3358018.174,11290546.02,374410441.1,1248424933,816389273.8,3810543923,550338596,1503332454,968831356,7270344986,1479804589,783136092.3,701422007.6,6522098178,623291744.3,6586792253,9885001293,7624489974,3693271715,4139289123,4626029122,8232518816,5791659020,1521139945,2215307020,2058579911,5569462350
Zambia,202700000,34300000,45000000,314399999.9,40000000,107000000,127100000,207400000,198000000,162000000,121700000,145000000,298390000,347000000,364040000,356940000,615790000,1323900000,938620000,694800000,1729300000,1108500000,1731500000,2099800000,1507800000,1582666667,662813935.4,1107519805,408438491.7
Zimbabwe,-12205847.82,2790485.896,14949899.55,27955135.35,34648879.65,117700000,80900000,135099999.9,444300000,59000000,23199999.9,3799999.9,25899999.9,3799999.9,8699999.9,102800000,40000000,68900000,51600000,105000000,122586666.7,344300000,349850000,373050000,472800000,399200000,343013813.4,307187738.8,717865322.2